date,variable,demand,cost_push,monetary,initial,observed
2001Q1,pi,0.46692207239999994,-1.7432851848,-0.2313475364,-0.23213430152,-1.7398449504000002
2001Q2,pi,-0.2010261334,-0.5502070396,1.1789121943999998,-0.15229797188,0.27538104952000003
2001Q3,pi,-0.10800938080000001,2.4079447476,-0.7258879236,-0.09991919367999999,1.4741282495999999
2001Q4,pi,-0.015673709504000002,-1.5453573284,-2.9108412296,-0.06555468299999999,-4.537426952000001
2002Q1,pi,-0.6108079848,0.038787554672,-1.5231976016,-0.04300891856,-2.1382269504
2002Q2,pi,-1.0055438452,-1.1864179032,0.08355035920000001,-0.028217161468,-2.1366285504
2002Q3,pi,-0.924182474,1.9944490903999998,1.6440702632,-0.018512630124,2.6958242495999998
2002Q4,pi,-0.40338718960000003,-2.6943292776,0.9572496276,-0.012145710492,-2.1526125504
2003Q1,pi,-0.05718046544,3.1947068704,1.5806535656,-0.007968521079999999,4.710211448
2003Q2,pi,0.17899721795999998,-6.0672441,0.15884789387999998,-0.005227963259999999,-5.734626952
2003Q3,pi,0.29386559372,-2.395019222,-0.43164497600000007,-0.0034299463544000004,-2.5362285504
2003Q4,pi,0.37950295544,-5.823646088,-1.4814407088,-0.0022503088512,-6.927834151999999
2004Q1,pi,0.5727261311999999,-3.0557241664,-0.45495253919999995,-0.0014763758388,-2.9394269503999997
2004Q2,pi,0.9435405040000001,0.5432287604,0.0004044015984,-0.0009686162039999999,1.4862050495999999
2004Q3,pi,1.2800177504,-2.23945462,0.029448605712000003,-0.0006354867956,-0.9306237504
2004Q4,pi,1.2794937368,-3.6804654488,-0.54085271,-0.0004169282588,-2.9422413504
2005Q1,pi,0.9909139472,-2.6011822944,-1.3340778664,-0.00027353703348,-2.9446197504
2005Q2,pi,1.1142017104,2.6132514292,-1.0334574284,-0.00017946135128,2.6938162495999998
2005Q3,pi,1.2323643848,3.2372009456,-0.5624025403999999,-0.00011774046168,3.9070450495999998
2005Q4,pi,0.9667447032,-3.0629223472,-1.64756006,-7.724680671999999e-05,-3.7438149504
2006Q1,pi,0.536011396,-0.30139678148,-1.5711932852,-5.06798518e-05,-1.3366293504
2006Q2,pi,0.4612622484,2.4133342492,-0.9867613984,-3.3249884184e-05,1.8878018496000002
2006Q3,pi,0.1549237232,0.18535848064000002,-0.87048734,-2.1814483656e-05,-0.5302269504
2006Q4,pi,-0.018109200311999998,-4.215436532,-1.1022645076000002,-1.4311980592e-05,-5.335824552
2007Q1,pi,-0.47144664039999995,-0.8441052732,-0.4214752472,-9.389761028e-06,-1.7370365504
2007Q2,pi,-0.6742391623999999,4.63703692,0.7587110508,-6.160406076e-06,4.7215026479999995
2007Q3,pi,-0.8054347075999999,8.803225912,1.6117182856,-4.041700624e-06,9.609505448
2007Q4,pi,-0.5941235268,2.0609760312,1.2285711968000002,-2.6516667456e-06,2.6954210496
2008Q1,pi,-0.5407862355999999,0.7620248256000001,0.8553361992,-1.7396975148e-06,1.0765730495999999
2008Q2,pi,-1.0777448392,7.920431988,1.9365750404000002,-1.141375494e-06,8.779261048
2008Q3,pi,-1.2477013984,9.003976564,1.0355342316,-7.488301896e-07,8.791808648
2008Q4,pi,-1.4911543604,-2.444398654,-1.4426302448000001,-4.912902508e-07,-5.378183752
2009Q1,pi,-2.422517858,-5.140433888,0.6203763184000001,-3.2232422423999997e-07,-6.942575752000001
2009Q2,pi,-2.8989310704,-5.677435944,4.036547476,-2.1146950232000002e-07,-4.5398197520000005
2009Q3,pi,-1.3473963888,-4.54725292,2.9328864952,-1.3874027344e-07,-2.9617629504000003
2009Q4,pi,0.027015072296,-7.5555893439999995,0.598347414,-9.102429784e-08,-6.930226952
2010Q1,pi,0.7631288792,-0.8195699160000001,-0.070579854,-5.971894664e-08,-0.12702095048
2010Q2,pi,1.841390936,-1.7477404580000002,-0.22187738931999998,-3.9180226772e-08,-0.12822695048
2010Q3,pi,2.4399656112,-1.0784148672,-1.4921872688,-2.5705243488e-08,-0.13063655048
2010Q4,pi,2.3431995064,-2.1498510844,-2.728374956,-1.6864619075999998e-08,-2.5350265504
2011Q1,pi,1.9424865208,1.8261567548,-2.2864510152,-1.106448752e-08,1.4821922496
2011Q2,pi,1.8294067296,1.1889047812,-3.144128854,-7.259155776e-09,-0.12581735048
2011Q3,pi,1.188025806,1.216463662,-2.933912414,-4.7625655160000006e-09,-0.5294229504
2011Q4,pi,0.862808394,2.6921709028,-1.6659702443999997,-3.1246095988e-09,1.8890090496
2012Q1,pi,0.47462997520000005,-0.5898217996,-0.8154319239999999,-2.0499855284000003e-09,-0.9306237504
2012Q2,pi,0.17633312943999999,-3.8529825243999998,-0.8607775543999999,-1.3449477644e-09,-4.537426952000001
2012Q3,pi,-0.2573327522,0.7754608296000001,-0.24795502696,-8.823901244e-10,0.27017304952000004
2012Q4,pi,-0.5482706748,-2.3559016336000003,-0.4440546416,-5.789167756e-10,-3.3482269504000004
2013Q1,pi,-0.657457932,-0.05210419988000001,-0.2210616182,-3.7981388868000003e-10,-0.9306237504
2013Q2,pi,-0.719367416,-2.1898815148,-0.4389780192,-2.491874762e-10,-3.3482269504000004
2013Q3,pi,-0.7883807032,1.1404981552,-0.07593240232,-1.634862818e-10,0.27618504952
2013Q4,pi,-0.9333983228,1.0723990844,0.5383818884,-1.0725968724e-10,0.6773826495999999
2014Q1,pi,-0.9614522312000001,2.0668957636000003,1.1847615172,-7.037079252e-11,2.2902050496000004
2014Q2,pi,-0.7905827468000001,-0.27301101704,1.3381740136,-4.616884132e-11,0.27458024952
2014Q3,pi,-0.8508035852000001,0.8266403255999999,1.5063555088,-3.028983314e-11,1.4821922496
2014Q4,pi,-0.5335927404,-2.3860304592,1.5673962488000002,-1.9872992140000002e-11,-1.3522269504
2015Q1,pi,-0.20780338484,-0.4118224212,1.2970084555999999,-1.3037574492000002e-11,0.6773826495999999
2015Q2,pi,0.07639520892,0.15952038096,1.2486814596,-8.553401044000001e-12,1.4845970496
2015Q3,pi,-0.004345567584,1.4697850652,1.231589552,-5.611483500000001e-12,2.6970290496
2015Q4,pi,0.30957607732000003,-2.686637944,0.24083491632,-3.6817771056e-12,-2.1362269504
2016Q1,pi,0.4960527208,0.47236336840000004,0.11418096012000001,-2.4149085508e-12,1.0825970496000001
2016Q2,pi,0.24549632984000003,-0.38744599024,0.01613230988,-1.5843663188000001e-12,-0.12581735048
2016Q3,pi,0.3245881356,-2.1413845952,-0.31783049084,-1.0397932516e-12,-2.1346269504
2016Q4,pi,0.24686005332,-2.7845309063999997,-0.8001576976,-6.8278716e-13,-3.3378285504000003
2017Q1,pi,0.08108350968,0.9902269175999999,-0.39232137776,-4.4634435040000007e-13,0.6789890496
2017Q2,pi,0.34711979932000003,-4.267018304,-0.22033164416,-2.9351521212e-13,-4.140230152
2017Q3,pi,0.7307869024,-3.4975500776,-0.1710669754,-1.9151347176e-13,-2.9378301504
2017Q4,pi,0.7171662592,-1.3274644892,0.07927367928,-1.2472661792e-13,-0.5310245504
2018Q1,pi,0.7704393420000001,-2.0311607888,0.32849449648,-8.222589276e-14,-0.9322269504
2018Q2,pi,0.7039185452,-2.2482678039999997,0.6141259084,-5.412337243999999e-14,-0.9302233503999999
2018Q3,pi,0.36318195772,-1.300740306,0.811740998,-3.4867941868e-14,-0.12581735048
2018Q4,pi,0.5124024415999999,-3.5327833615999995,0.4825539696,-2.324529458e-14,-2.5378269504
2019Q1,pi,0.23455701432,-1.8515184832,0.28273451852000003,-1.4571677200000002e-14,-1.3342269504
2019Q2,pi,0.30355672008,-1.2379701055999999,0.8053864347999999,-1.0234868508e-14,-0.12902695047999999
2019Q3,pi,-0.11747958920000001,-3.3809848872000003,1.363837526,-6.245004511999999e-15,-2.1346269504
2019Q4,pi,-0.9442304380000001,-0.221554484,1.4363611716,-3.2959746044e-15,0.27057624952
2020Q1,pi,0.13741935156,-0.20592269072,1.5539051888,-1.734723476e-15,1.4854018495999999
2020Q2,pi,-2.1847359676,-1.9250670892,-0.42602389360000004,1.3877787807999999e-15,-4.535826952
2020Q3,pi,1.1473276068,0.04337974608,-1.7217319036,4.163336344e-15,-0.5310245504
2020Q4,pi,3.1789985508000003,-1.800414488,-1.5104194136,5.551115124e-15,-0.13183535048
2021Q1,pi,3.5393480567999998,-1.4965392436,-0.559013364,3.8163916472e-15,1.4837954496
2021Q2,pi,2.985021224,-3.3691643044,-0.14447906995999998,3.7296554732e-15,-0.5286221504
2021Q3,pi,3.1987256611999997,1.6382223012,1.0973786872,2.7755575615999998e-15,5.934326648
2021Q4,pi,2.9327483004,3.4241067732,0.39072597623999994,1.3877787807999999e-15,6.747581048
2022Q1,pi,1.9684508795999998,8.580293544,-0.5562977736,1.3877787807999999e-15,9.992446648
2022Q2,pi,1.560657472,10.826894648,-1.9623742692,0.0,10.425177848
2022Q3,pi,0.4991109972,12.17666166,-2.2505948096,1.3877787807999999e-15,10.425177848
2022Q4,pi,-0.38625532279999997,6.842415728,-2.9543273548,-2.7755575615999998e-15,3.5018330495999996
2023Q1,pi,-1.2634641748000002,6.804250784000001,-2.0494487596,-5.551115124e-15,3.4913378496
2023Q2,pi,-1.8788824012,1.331244332,-2.3905912812,-5.204170428e-15,-2.9382293504
2023Q3,pi,-2.3967548748,4.405248652,-0.9291095295999999,-5.724587472e-15,1.0793842496
2023Q4,pi,-2.8598889868,1.2914974688,0.22130856732,-1.5612511284e-15,-1.3470829504
2024Q1,pi,-2.804788092,3.8434816796,2.062746662,-1.0408340856e-15,3.1014402496
2024Q2,pi,-2.9420466288,-0.37730254444,2.3859162228,-2.0816681712e-15,-0.9334329504000001
2024Q3,pi,-2.1485556024,0.5534813456000001,2.271255706,-2.0816681712e-15,0.6761814496
2024Q4,pi,-1.7046171959999998,-0.0354063534,2.0021805988000003,-1.3877787807999999e-15,0.26215704952
2025Q1,pi,-1.3285754196,3.2766839508000003,2.3633525184,-6.938893903999999e-16,4.311461048
2025Q2,pi,-1.1423298936,-3.6347537132,1.0360502564,-2.0816681712e-15,-3.7410333504
2025Q3,pi,-1.1438179708,1.6233584499999998,0.9986325704,-1.0408340856e-15,1.4781730496
2025Q4,pi,-0.8777521688000001,-2.654502066,0.1936272846,-1.3877787807999999e-15,-3.3386269503999997
2026Q1,pi,-0.8385489772,2.2880560352,0.43026599120000003,-6.938893903999999e-16,1.8797730496
2001Q1,i,0.3432990708,-0.16595857568,0.12570640996,0.12613391144000002,0.42918081639999994
2001Q2,i,0.38219208016,-0.18033688468,-0.640580928,0.08275355592,-0.35597217676000004
2001Q3,i,0.5106256364,0.09018947128,0.39442289436000005,0.05429270316,1.0495307052
2001Q4,i,0.7767935112,-0.0775779438,1.5816524636000002,0.03562019282,2.3164882236
2002Q1,i,0.7501449332,-0.056121843600000006,0.8276539491999999,0.023369588592,1.5450466276
2002Q2,i,0.41877916,-0.15621673092,-0.04539843332,0.015332249144,0.23249624488
2002Q3,i,-0.032972115312000005,0.069422391,-0.8933320567999999,0.01005913574,-0.8468226452000001
2002Q4,i,-0.34748900856000003,-0.20297053484,-0.5201370024,0.006599567412,-1.0639969783999998
2003Q1,i,-0.5785040424,0.14763718188,-0.8588735724000001,0.004329824268,-1.2854106088
2003Q2,i,-0.7615042712,-0.4637624256,-0.08631256152,0.0028406980372,-1.3087385604
2003Q3,i,-0.9595692376,-0.5855742888,0.23454124964,0.0018637165939999999,-1.3087385604
2003Q4,i,-1.2023833128,-1.005895026,0.8049646688,0.0012227415576,-1.402090928
2004Q1,i,-1.4351810212,-1.0664692195999999,0.2472057896,0.0008022125904,-2.2536422388
2004Q2,i,-1.5219433164,-0.7705574792000001,-0.00021973812175999998,0.0005263132148,-2.2921942204000003
2004Q3,i,-1.4084982364,-0.8073107415999999,-0.016001374207999998,0.0003453019854,-2.2314650503999998
2004Q4,i,-1.2337439828,-0.9728307820000001,0.29388103092,0.00022654468432,-1.9124671892
2005Q1,i,-1.1761286864,-0.9977041116,0.7248926952,0.00014863075268,-1.448791472
2005Q2,i,-0.996534754,-0.52047443,0.5615457384,9.75132156e-05,-0.9553659323999999
2005Q3,i,-0.6323951256,-0.09312020584,0.30559047824,6.397617616e-05,-0.4198608768
2005Q4,i,-0.26552049988000004,-0.36338419812,0.895228294,4.197329656e-05,0.26636556912
2006Q1,i,-0.015821403260000002,-0.30887013228,0.8537331768,2.7537713707999998e-05,0.5290691792
2006Q2,i,0.31471224795999997,-0.00839953094,0.5361726984,1.8066860088e-05,0.8425034824
2006Q3,i,0.5997670119999999,0.011169665592,0.472993316,1.1853251036000001e-05,1.0839418468
2006Q4,i,0.9126216688000001,-0.39269223316,0.5989331732000001,7.77664516e-06,1.1188703852
2007Q1,i,1.062303874,-0.38313246976,0.22901536388,5.102077884e-06,0.90819187
2007Q2,i,1.1442863756,0.14603622844,-0.41225786919999996,3.3473558588e-06,0.878068082
2007Q3,i,1.1743931276,0.9506534040000001,-0.8757530884,2.1961231284e-06,1.2492956391999999
2007Q4,i,1.3762368416000001,0.9291778828,-0.6675639468,1.4408258332e-06,1.6378522180000001
2008Q1,i,1.7270641584000002,0.7889612295999999,-0.4647606996,9.452926639999999e-07,2.0512656336
2008Q2,i,1.8738880688,1.3623224156,-1.0522692384,6.201847584000001e-07,2.1839418664
2008Q3,i,1.975600122,1.9075491063999999,-0.5626742027999999,4.0688894400000005e-07,3.3204754328
2008Q4,i,1.9536299088,1.2380603208,0.7838763784,2.6695047144e-07,3.9755668751999997
2009Q1,i,1.2349374356,0.4652099504,-0.33709146428,1.7514005888000002e-07,1.3630560967999998
2009Q2,i,-0.22487642352,-0.1817973016,-2.193323082,1.1490536024e-07,-2.5999966924
2009Q3,i,-1.3378278592,-0.573062688,-1.593631114,7.538676212e-08,-3.504521586
2009Q4,i,-2.045511676,-1.1611271336,-0.32512170436000004,4.945951844e-08,-3.5317604644
2010Q1,i,-2.5968335652000003,-0.9732776320000001,0.038350700424,3.2449250924e-08,-3.5317604644
2010Q2,i,-2.6551992008,-0.9168020444,0.12056065299999999,2.1289206508e-08,-3.4514405707999996
2010Q3,i,-2.30521049,-0.8095391124,0.8108039855999999,1.396735748e-08,-2.3039456028000003
2010Q4,i,-1.8360347816,-0.8288363280000001,1.4825064752,9.163661668e-09,-1.1823646256
2011Q1,i,-1.40632846,-0.4652039352,1.2423799843999999,6.012067492000001e-09,-0.6291524048
2011Q2,i,-0.8260770355999999,-0.24550062975999998,1.7084130516,3.9443791984e-09,0.63683539
2011Q3,i,-0.4018373992,-0.07348078132000001,1.5941885632000001,2.5878167663999997e-09,1.1188703852
2011Q4,i,0.014002671008,0.19963594839999999,0.9052317639999999,1.6978071728e-09,1.1188703852
2012Q1,i,0.37058391316,0.09777358604,0.44307806920000004,1.1138924852e-09,0.9114355696
2012Q2,i,0.7017641924,-0.29141345872,0.46771734759999994,7.307996224e-10,0.878068082
2012Q3,i,0.8942012672,-0.15086354312,0.13473035744,4.794610888e-10,0.878068082
2012Q4,i,0.9773819831999999,-0.34059814264,0.24128424128,3.1456365292e-10,0.878068082
2013Q1,i,1.0255199104,-0.26756921904,0.12011739064,2.0637814375999999e-10,0.878068082
2013Q2,i,1.0543182868,-0.41477598200000004,0.23852577692000002,1.3540019800000002e-10,0.878068082
2013Q3,i,1.0480367624,-0.21122777404,0.04125909376,8.883310752e-11,0.878068082
2013Q4,i,0.9317166444,-0.060770393199999995,-0.29253847004,5.828150464e-11,0.5784077811999999
2014Q1,i,0.7315122432000001,0.14991053504,-0.6437592520000001,3.8237251908e-11,0.23766352616
2014Q2,i,0.5480611872,0.08959414556,-0.7271184028,2.5086595128000002e-11,-0.08946306988
2014Q3,i,0.22056789568,0.1477742652,-0.8185025267999999,1.6458535924e-11,-0.450160366
2014Q4,i,-0.0517993328,-0.11320978328,-0.851669996,1.0797786276000002e-11,-1.0166791119999998
2015Q1,i,-0.23275422939999998,-0.12649231524,-0.7047504336,7.084263732e-12,-1.0639969783999998
2015Q2,i,-0.30316346716000003,-0.08234232908,-0.678491182,4.647671136000001e-12,-1.0639969783999998
2015Q3,i,-0.4712268444,0.07643388484000001,-0.6692040188,3.0489499812e-12,-1.0639969783999998
2015Q4,i,-0.49988028120000005,-0.19683230724,-0.13086153064,2.000136168e-12,-0.8275741192
2016Q1,i,-0.407011416,-0.10679381068,-0.06204206368,1.3121448372e-12,-0.5758472903999999
2016Q2,i,-0.4478566924,-0.11922484764,-0.0087657504,8.607697887999999e-13,-0.5758472903999999
2016Q3,i,-0.4527633768,-0.29578222968,0.17269831612,5.646524916e-13,-0.5758472903999999
2016Q4,i,-0.5174871232,-0.4931387396,0.434778572,3.7053693448e-13,-0.5758472903999999
2017Q1,i,-0.7392946548,-0.2859528882,0.21317413927999998,2.4268781428e-13,-0.812073404
2017Q2,i,-0.8861269011999999,-0.626691044,0.11972074747999999,1.5890067040000002e-13,-1.3930971976
2017Q3,i,-0.8307236100000001,-0.8161555456,0.09295199627999999,1.0425688091999999e-13,-1.5539271592
2017Q4,i,-0.7552049576000001,-0.7556475711999999,-0.0430746304,6.782768791999999e-14,-1.5539271592
2018Q1,i,-0.5994488356000001,-0.7759855484,-0.17849277532,4.4582393319999996e-14,-1.5539271592
2018Q2,i,-0.40789704480000005,-0.8123349112,-0.33369520324,2.8969882048e-14,-1.5539271592
2018Q3,i,-0.36269694844,-0.7501576656,-0.4410725452,1.873501354e-14,-1.5539271592
2018Q4,i,-0.18320319808000002,-0.914705302,-0.2622034712,1.2143064332e-14,-1.3601119712
2019Q1,i,-0.11037862432,-0.881520976,-0.15362835432,7.979727988e-15,-1.1455279544
2019Q2,i,0.052781125879999995,-0.7975260604000001,-0.43761969079999996,5.204170428e-15,-1.1823646256
2019Q3,i,-0.0048906090400000005,-0.9367763927999999,-0.7410630856,3.469446952e-15,-1.6827300876000002
2019Q4,i,-0.7017847964,-0.743367752,-0.7804699764,2.0816681712e-15,-2.2256225248
2020Q1,i,-0.9823980216,-0.592757136,-0.8443394112,1.3877787807999999e-15,-2.4194945684
2020Q2,i,-3.1229541024,-0.640293306,0.23148694408,-6.938893903999999e-16,-3.5317604644
2020Q3,i,-3.9777401268,-0.4895510976,0.9355307596,-2.0816681712e-15,-3.5317604644
2020Q4,i,-3.8036188632,-0.548852316,0.8207107147999999,-2.7755575615999998e-15,-3.5317604644
2021Q1,i,-3.2698630104000004,-0.5656463684,0.3037489146,-2.7755575615999998e-15,-3.5317604644
2021Q2,i,-2.853398956,-0.756866538,0.07850502964,-2.0816681712e-15,-3.5317604644
2021Q3,i,-2.0533269592,-0.42760470519999993,-0.596278384,-1.3877787807999999e-15,-3.077210048
2021Q4,i,-1.01371134,-0.003722320574,-0.21230725216,-8.67361738e-16,-1.2297409128
2022Q1,i,-0.11771368587999999,0.8139632512,0.302273355,-1.7347234759999999e-16,0.9985229203999999
2022Q2,i,0.9657258984,1.6582911672,1.0662876648000001,6.938893903999999e-16,3.6903047304
2022Q3,i,1.8578789091999999,2.4377834536,1.2228969375999998,2.7755575615999998e-15,5.5185593
2022Q4,i,2.584253052,2.5309762876,1.6052813504,2.7755575615999998e-15,6.720510688
2023Q1,i,3.0606910583999998,2.5991968408,1.1136009916,2.7755575615999998e-15,6.773488892
2023Q2,i,3.343749556,2.1307730596,1.2989662752,2.7755575615999998e-15,6.773488892
2023Q3,i,3.3999830199999996,2.0622489803999997,0.5048466268,2.7755575615999998e-15,5.967078627999999
2023Q4,i,3.1462837188,1.7129901168,-0.1202515744,2.7755575615999998e-15,4.73902226
2024Q1,i,2.7951282944,1.6866492532,-1.1208266212,2.0816681712e-15,3.3609509263999997
2024Q2,i,2.1520874628,1.2645264492,-1.2964260068,1.734723476e-15,2.1201879052000003
2024Q3,i,1.7427490704000002,1.0276695712,-1.2341233684000001,1.0408340856e-15,1.5362952732
2024Q4,i,1.4372021792,0.7889861216,-1.0879170752,1.0408340856e-15,1.138271226
2025Q1,i,1.2419711512,0.9202625856000001,-1.2841656548,1.0408340856e-15,0.878068082
2025Q2,i,1.077503178,0.36351949728,-0.5629545932000001,8.67361738e-16,0.878068082
2025Q3,i,0.8224990596000001,0.43482355320000005,-0.5426230907999999,9.540979116e-16,0.714699522
2025Q4,i,0.6244387396,0.08255362620000001,-0.1052105036,6.071532164e-16,0.6017818620000001
2026Q1,i,0.34749164968,0.28147081672,-0.23379195619999998,2.6020852140000004e-16,0.39517051020000005
2001Q1,x,2.19595034,0.26629656560000003,-0.2017080775,-0.20239404490000001,2.058144783
2001Q2,x,0.6426170068,0.2893679512,1.027873977,-0.1327860741,1.8270728609999998
2001Q3,x,1.2599911449999999,-0.1447177186,-0.6328896334999999,-0.08711788667999999,0.3952659058
2001Q4,x,2.2883632009999997,0.1244813045,-2.537914159,-0.057156040139999996,-0.1822256934
2002Q1,x,0.7206789692,0.09005291917,-1.328050709,-0.03749876229,-0.5548175834
2002Q2,x,-1.259049471,0.2506648346,0.07284617154,-0.02460207478,-0.9601405391
2002Q3,x,-2.409252278,-0.11139493219999999,1.4334375769999999,-0.01614085496,-1.103350488
2002Q4,x,-2.049667666,0.3256858292,0.8346100633,-0.010589643400000001,-0.8999614168000001
2003Q1,x,-1.8763534179999999,-0.2368981195,1.3781456109999999,-0.006947621281,-0.7420535478
2003Q2,x,-1.834242471,0.7441516094,0.1384968424,-0.0045581744,-0.956152194
2003Q3,x,-2.140544065,0.9396105105,-0.3763440907,-0.002990513302,-1.5802681579999998
2003Q4,x,-2.654007314,1.614055734,-1.291643567,-0.0019620069400000002,-2.3335571539999997
2004Q1,x,-2.8684934589999997,1.7112528790000001,-0.3966655684,-0.001287227591,-1.555193376
2004Q2,x,-2.20142798,1.236433908,0.0003525910421,-0.0008445203928,-0.9654860019999999
2004Q3,x,-1.020313372,1.2954080669999999,0.02567575058,-0.0005540703902000001,0.3002163757
2004Q4,x,-0.49799799520000004,1.561000961,-0.47156050180000003,-0.0003635128292,0.5910789511
2005Q1,x,-1.046811709,1.6009126209999998,-1.163160351,-0.0002384923998,-0.6092979316
2005Q2,x,-0.2004655051,0.8351514984,-0.9010543803,-0.0001564693738,-0.2665248564
2005Q3,x,1.186032006,0.1494203653,-0.49034944099999994,-0.00010265595449999999,0.8450002739
2005Q4,x,1.621268644,0.5830850473,-1.4364802730000001,-6.735020875e-05,0.7678060680000001
2006Q1,x,1.292621983,0.4956119628,-1.369897349,-4.418692167e-05,0.4182924093
2006Q2,x,2.096144572,0.013477858750000002,-0.8603408864,-2.8990022190000002e-05,1.2492525540000001
2006Q3,x,2.184422922,-0.01792280738,-0.7589634647,-1.901968626e-05,1.40751763
2006Q4,x,2.689263565,0.6301126205,-0.9610461305,-1.247837835e-05,2.3583175769999998
2007Q1,x,2.0044206719999997,0.6147730566999999,-0.3674772732,-8.186776804e-06,2.251708269
2007Q2,x,1.743087871,-0.23432923500000002,0.6615075735,-5.371155816e-06,2.170260838
2007Q3,x,1.505309462,-1.5254152159999999,1.405230425,-3.5238916959999998e-06,1.385121147
2007Q4,x,2.638382407,-1.490955668,1.071170837,-2.311944227e-06,2.218595265
2008Q1,x,3.822928077,-1.265964503,0.7457534365,-1.516813391e-06,3.3027154939999996
2008Q2,x,2.9204678139999998,-2.18597791,1.688467638,-9.951463518e-07,2.422956546
2008Q3,x,2.800341621,-3.0608468020000004,0.9028651102999999,-6.528926149999999e-07,0.6423592757
2008Q4,x,2.1258787040000002,-1.986587376,-1.2578053679999999,-4.283478152e-07,-1.118514468
2009Q1,x,-2.355986303,-0.7464743026999999,0.540895816,-2.810291423e-07,-2.561565071
2009Q2,x,-7.921136795,0.2917113313,3.5193987509999998,-1.843767507e-07,-4.110026898
2009Q3,x,-7.377095331,0.9195344385,2.5571350600000002,-1.209653405e-07,-3.900425954
2009Q4,x,-6.061537121,1.863140646,0.52168918,-7.936257485e-08,-3.676707375
2010Q1,x,-5.873207535000001,1.5617179749999999,-0.06153740335,-5.206795897e-08,-4.373027016
2010Q2,x,-3.3524364330000003,1.47109744,-0.1934512134,-3.4160588590000004e-08,-2.074790241
2010Q3,x,-0.8073100629,1.298983704,-1.301013315,-2.241197488e-08,-0.8093396964999999
2010Q4,x,0.3565906599,1.32994795,-2.378824843,-1.470398074e-08,-0.6922862473
2011Q1,x,0.6423599709,0.7464646505,-1.9935186930000002,-9.64694262e-09,-0.6046940816
2011Q2,x,2.098298519,0.39392947470000006,-2.741313767,-6.329136954e-09,-0.24908577939999998
2011Q3,x,1.766017867,0.11790701159999999,-2.558029541,-4.152401339e-09,-0.6741046673
2011Q4,x,2.198977929,-0.3203351632,-1.452531807,-2.7242956149999998e-09,0.42611095600000004
2012Q1,x,2.2969751140000003,-0.1568871633,-0.7109615614,-1.787347527e-09,1.429126387
2012Q2,x,2.5435659829999997,0.46760104380000006,-0.7504976638,-1.172638722e-09,2.260669362
2012Q3,x,2.036010663,0.24207512769999998,-0.2161878729,-7.693411880000001e-10,2.061897917
2012Q4,x,1.557904634,0.5465226202,-0.3871638722,-5.047472856e-10,1.717263381
2013Q1,x,1.429174707,0.429340658,-0.1927399561,-3.311538543e-10,1.665775409
2013Q2,x,1.360691096,0.6655481285,-0.3827376496,-2.172626662e-10,1.643501575
2013Q3,x,1.169336214,0.3389353671,-0.06620420137,-1.425408402e-10,1.4420673800000001
2013Q4,x,0.4582560441,0.09751196606000001,0.4694062332,-9.35182487e-11,1.025174243
2014Q1,x,-0.21176176170000002,-0.24054593419999998,1.032973904,-6.135534789e-11,0.5806662082
2014Q2,x,-0.3342721504,-0.14376246099999998,1.166731714,-4.0254171520000003e-11,0.6886971021
2014Q3,x,-1.466109713,-0.23711808289999997,1.3133663679999998,-2.640934346e-11,-0.3898614277
2014Q4,x,-1.489190931,0.18165603290000001,1.3665867760000001,-1.7326678290000002e-11,0.05905187851
2015Q1,x,-1.216922268,0.2029691384,1.130840147,-1.1367122520000001e-11,0.1168870175
2015Q2,x,-0.7173967057999999,0.1321262209,1.088704641,-7.457662959e-12,0.5034341562
2015Q3,x,-1.422825831,-0.12264555140000001,1.07380249,-4.892614092000001e-12,-0.4716688924
2015Q4,x,-0.7238775274,0.3158364501,0.20997996659999998,-3.2094986390000004e-12,-0.19806111080000002
2016Q1,x,0.0205819737,0.1713609851,0.09955248414000001,-2.1056073550000003e-12,0.2914954429
2016Q2,x,-0.7281958655,0.1913077847,0.01406549325,-1.3813603040000001e-12,-0.5228225876
2016Q3,x,-0.5451685092,0.47461115880000004,-0.2771111301,-9.061328077000001e-13,-0.3476684805
2016Q4,x,-0.9334238985,0.7912887425000001,-0.6976442167,-5.936223735000001e-13,-0.8397793727
2017Q1,x,-2.012478895,0.45883903090000006,-0.3420584982,-3.889250033e-13,-1.8956983619999999
2017Q2,x,-1.787349395,1.005586316,-0.1921035038,-2.55524768e-13,-0.9738665831000001
2017Q3,x,-0.6621738253,1.3096004099999998,-0.1491504568,-1.6722734309999999e-13,0.4982761278
2017Q4,x,-0.46994490159999996,1.21250952,0.06911740529,-1.0894063430000002e-13,0.8116820239000001
2018Q1,x,0.1299381096,1.245143769,0.2864088997,-7.112366252e-14,1.6614907780000001
2018Q2,x,0.5375928783,1.303469833,0.5354461871,-4.683753385e-14,2.376508898
2018Q3,x,-0.1788131519,1.203700437,0.7077435042,-3.053113318e-14,1.732630789
2018Q4,x,0.732064674,1.467733013,0.42073079730000007,-1.977584763e-14,2.620528485
2019Q1,x,0.25565922690000004,1.414485557,0.24651153429999997,-1.2836953719999998e-14,1.9166563179999998
2019Q2,x,0.9170426787999999,1.279707602,0.7022030662000001,-9.020562075e-15,2.898953347
2019Q3,x,-0.30835296349999997,1.5031482109999998,1.189107304,-5.551115123e-15,2.3839025520000003
2019Q4,x,-4.463370991,1.192805364,1.252339467,-3.469446952e-15,-2.018226159
2020Q1,x,-2.6000627620000003,0.9511360821999999,1.354824145,-2.255140519e-15,-0.29410253540000003
2020Q2,x,-14.81931244,1.027412459,-0.37144316239999997,-2.775557562e-15,-14.16334314
2020Q3,x,-9.050394069000001,0.7855320243999999,-1.501149472,4.163336342e-15,-9.766011517
2020Q4,x,-3.44948796,0.8806865577,-1.316909619,3.469446952e-15,-3.8857110219999997
2021Q1,x,-0.9492933081,0.9076342371999999,-0.4873944743,3.035766083e-15,-0.5290535452
2021Q2,x,-1.087237121,1.21446547,-0.1259689033,1.4745149549999999e-15,0.001259445903
2021Q3,x,1.844322004,0.6861330542,0.9567862648000001,2.081668171e-15,3.487241323
2021Q4,x,4.294433856,0.005972822921,0.34066749399999996,1.387778781e-15,4.641074173000001
2022Q1,x,4.568415457,-1.3060826620000001,-0.48502679639999996,1.387778781e-15,2.777305999
2022Q2,x,6.795299258,-2.660888361,-1.710961557,-3.4694469519999997e-16,2.4234493390000003
2022Q3,x,6.814638314000001,-3.9116590299999996,-1.962256263,-2.081668171e-15,0.9407230208
2022Q4,x,6.777695769,-4.061195935,-2.5758289899999998,-2.428612866e-15,0.1406708448
2023Q1,x,6.012250032,-4.170662402,-1.78688036,-2.775557562e-15,0.05470726988999999
2023Q2,x,5.321847611,-3.419031198,-2.0843168629999997,-4.163336342e-15,-0.1815004499
2023Q3,x,4.195661728999999,-3.3090776930000003,-0.8100751789,-3.2959746040000002e-15,0.07650885632
2023Q4,x,2.277653817,-2.74865811,0.1929552669,-1.82145965e-15,-0.2780490258
2024Q1,x,1.3632204860000001,-2.706391649,1.79847458,-2.428612866e-15,0.45530341729999996
2024Q2,x,-0.9067031042,-2.0290548360000003,2.080240757,-2.428612866e-15,-0.8555171828
2024Q3,x,-0.1494978089,-1.6489950949999999,1.980270156,-1.734723476e-15,0.1817772514
2024Q4,x,0.04482190027,-1.2660044449999999,1.745668035,-1.040834086e-15,0.5244854902999999
2025Q1,x,0.39994528679999997,-1.476650212,2.060567838,-1.040834086e-15,0.9838629123999999
2025Q2,x,0.37275501699999997,-0.5833021478,0.9033150238000001,-1.040834086e-15,0.6927678930000001
2025Q3,x,-0.395047501,-0.6977163935,0.8706911645000001,-1.214306433e-15,-0.2220727301
2025Q4,x,-0.3233416063,-0.1324652675,0.1688204159,-9.540979118e-16,-0.2869864579
2026Q1,x,-1.055164837,-0.4516471143,0.375141777,-6.938893903999999e-16,-1.131670175
