scenario,scenario_type,variable,shock,impact_pp,peak_response_pp,peak_abs_pp,peak_horizon,cumulative_abs_pp,first_sign_change_horizon,response_h4_pp,response_h8_pp,response_h19_pp,source
baseline,baseline,i,e_i,0.0477609080701,0.0477609080701,0.0477609080701,0,0.1388406076227608,,0.008848950765880001,0.0016394983433300001,1.58932894e-05,dynare
baseline,baseline,i,e_pi,0.0224387447377,0.0224387447377,0.0224387447377,0,0.06522926551361174,,0.00415736122816,0.000770259325262,7.466890356539999e-06,dynare
baseline,baseline,i,e_x,0.015622643319199998,0.015622643319199998,0.015622643319199998,0,0.0454149089445068,,0.00289450111295,0.0005362816344009999,5.19871169741e-06,dynare
baseline,baseline,pi,e_i,-0.08789820998560001,-0.08789820998560001,0.08789820998560001,0,0.25551944836237894,,-0.016285430156199997,-0.0030172996175400002,-2.9249688615499997e-05,dynare
baseline,baseline,pi,e_pi,0.235704187662,0.235704187662,0.235704187662,0,0.3144549973208095,1.0,-0.0076511235859,-0.00141756969562,-1.3741914109699999e-05,dynare
baseline,baseline,pi,e_x,0.0212484029619,0.0212484029619,0.0212484029619,0,0.07607748653049307,1.0,-0.00532698135171,-0.000986961881941,-9.56760394437e-06,dynare
baseline,baseline,x,e_i,-0.30654796198199996,-0.30654796198199996,0.30654796198199996,0,0.891132665330735,,-0.056795985096899995,-0.0105229338413,-0.00010200927226099999,dynare
baseline,baseline,x,e_pi,-0.14402053367,-0.14402053367,0.14402053367,0,0.4186666295271285,,-0.0266835506948,-0.00494382196441,-4.7925387385699995e-05,dynare
baseline,baseline,x,e_x,0.39972783885799995,0.39972783885799995,0.39972783885799995,0,0.5909461108575337,1.0,-0.0185780265281,-0.00344206273953,-3.33673403665e-05,dynare
fevd_didactic_benchmark,fevd,i,e_i,0.0561767385317,0.0561767385317,0.0561767385317,0,0.16330536472537782,,0.0104082023048,0.0019283902563399999,1.8693806276e-05,dynare
fevd_didactic_benchmark,fevd,i,e_pi,0.026799576092500003,0.026799576092500003,0.026799576092500003,0,0.07790617010999146,,0.00496531868786,0.00091995446446,8.91803434745e-06,dynare
fevd_didactic_benchmark,fevd,i,e_x,0.015622643319199998,0.015622643319199998,0.015622643319199998,0,0.0454149089445068,,0.00289450111295,0.0005362816344009999,5.19871169741e-06,dynare
fevd_didactic_benchmark,fevd,pi,e_i,-0.10338653428700001,-0.10338653428700001,0.10338653428700001,0,0.3005438929124815,,-0.0191550451767,-0.0035489704558700004,-3.4403703277100004e-05,dynare
fevd_didactic_benchmark,fevd,pi,e_pi,0.28151183974000005,0.28151183974000005,0.28151183974000005,0,0.37556738252852956,1.0,-0.00913807216627,-0.00169306560453,-1.64125701836e-05,dynare
fevd_didactic_benchmark,fevd,pi,e_x,0.0212484029619,0.0212484029619,0.0212484029619,0,0.07607748653049307,1.0,-0.00532698135171,-0.000986961881941,-9.56760394437e-06,dynare
fevd_didactic_benchmark,fevd,x,e_i,-0.360564013616,-0.360564013616,0.360564013616,0,1.0481569291747919,,-0.06680386394150001,-0.0123771537619,-0.00011998407164299999,dynare
fevd_didactic_benchmark,fevd,x,e_pi,-0.172010034255,-0.172010034255,0.172010034255,0,0.5000319013632172,,-0.0318693338519,-0.0059046232074,-5.72393902163e-05,dynare
fevd_didactic_benchmark,fevd,x,e_x,0.39972783885799995,0.39972783885799995,0.39972783885799995,0,0.5909461108575337,1.0,-0.0185780265281,-0.00344206273953,-3.33673403665e-05,dynare
kappa_0p07,kappa,i,e_i,0.050001915281700005,0.050001915281700005,0.050001915281700005,0,0.1595924000061015,,0.0111291527091,0.0024770659148699997,3.97644594404e-05,dynare
kappa_0p07,kappa,i,e_pi,0.023491601369,0.023491601369,0.023491601369,0,0.0749787487407741,,0.00522863209427,0.00116376032216,1.86819009746e-05,dynare
kappa_0p07,kappa,i,e_x,0.015083570760400001,0.015083570760400001,0.015083570760400001,0,0.04814262103266951,,0.00335721864743,0.000747231356931,1.19953412652e-05,dynare
kappa_0p07,kappa,pi,e_i,-0.0678856069964,-0.0678856069964,0.0678856069964,0,0.2166722391611425,,-0.0151096069572,-0.00336301364165,-5.39866213282e-05,dynare
kappa_0p07,kappa,pi,e_pi,0.24510638934,0.24510638934,0.24510638934,0,0.3150084367347155,1.0,-0.007098705349200001,-0.0015799909948099999,-2.5363672178500002e-05,dynare
kappa_0p07,kappa,pi,e_x,0.014521637301799999,0.014521637301799999,0.014521637301799999,0,0.059404591920910896,1.0,-0.00455796191839,-0.0010144862241,-1.6285596628300002e-05,dynare
kappa_0p07,kappa,x,e_i,-0.308584672365,-0.308584672365,0.308584672365,0,0.9849176414613519,,-0.0686830878994,-0.015287105892999999,-0.000245404653383,dynare
kappa_0p07,kappa,x,e_pi,-0.144977408784,-0.144977408784,0.144977408784,0,0.462728127195614,,-0.0322682783777,-0.007182096839719999,-0.000115294549397,dynare
kappa_0p07,kappa,x,e_x,0.406912390956,0.406912390956,0.406912390956,0,0.610934899683475,1.0,-0.0207189306757,-0.00461150622251,-7.40287333671e-05,dynare
kappa_0p10,kappa,i,e_i,0.0477609080701,0.0477609080701,0.0477609080701,0,0.1388406076227608,,0.008848950765880001,0.0016394983433300001,1.58932894e-05,dynare
kappa_0p10,kappa,i,e_pi,0.0224387447377,0.0224387447377,0.0224387447377,0,0.06522926551361174,,0.00415736122816,0.000770259325262,7.466890356539999e-06,dynare
kappa_0p10,kappa,i,e_x,0.015622643319199998,0.015622643319199998,0.015622643319199998,0,0.0454149089445068,,0.00289450111295,0.0005362816344009999,5.19871169741e-06,dynare
kappa_0p10,kappa,pi,e_i,-0.08789820998560001,-0.08789820998560001,0.08789820998560001,0,0.25551944836237894,,-0.016285430156199997,-0.0030172996175400002,-2.9249688615499997e-05,dynare
kappa_0p10,kappa,pi,e_pi,0.235704187662,0.235704187662,0.235704187662,0,0.3144549973208095,1.0,-0.0076511235859,-0.00141756969562,-1.3741914109699999e-05,dynare
kappa_0p10,kappa,pi,e_x,0.0212484029619,0.0212484029619,0.0212484029619,0,0.07607748653049307,1.0,-0.00532698135171,-0.000986961881941,-9.56760394437e-06,dynare
kappa_0p10,kappa,x,e_i,-0.30654796198199996,-0.30654796198199996,0.30654796198199996,0,0.891132665330735,,-0.056795985096899995,-0.0105229338413,-0.00010200927226099999,dynare
kappa_0p10,kappa,x,e_pi,-0.14402053367,-0.14402053367,0.14402053367,0,0.4186666295271285,,-0.0266835506948,-0.00494382196441,-4.7925387385699995e-05,dynare
kappa_0p10,kappa,x,e_x,0.39972783885799995,0.39972783885799995,0.39972783885799995,0,0.5909461108575337,1.0,-0.0185780265281,-0.00344206273953,-3.33673403665e-05,dynare
kappa_0p13,kappa,i,e_i,0.0458678413267,0.0458678413267,0.0458678413267,0,0.12397937935486159,,0.00722886990872,0.00113928536085,7.07828937208e-06,dynare
kappa_0p13,kappa,i,e_pi,0.0215493554204,0.0215493554204,0.0215493554204,0,0.05824725195777441,,0.00339622451035,0.000535252247675,3.32547966143e-06,dynare
kappa_0p13,kappa,i,e_x,0.016170351798200002,0.016170351798200002,0.016170351798200002,0,0.043707968849186256,,0.00254848203329,0.00040164621989000006,2.49539603269e-06,dynare
kappa_0p13,kappa,pi,e_i,-0.105251647088,-0.105251647088,0.105251647088,0,0.2844919992867317,,-0.0165878847242,-0.00261428611558,-1.6242351796400003e-05,dynare
kappa_0p13,kappa,pi,e_pi,0.22755129942799998,0.22755129942799998,0.22755129942799998,0,0.31176093178653513,1.0,-0.007793220985639999,-0.0012282282977700001,-7.630884768040001e-06,dynare
kappa_0p13,kappa,pi,e_x,0.027894347945899997,0.027894347945899997,0.027894347945899997,0,0.0910841442747243,1.0,-0.00584793013621,-0.0009216462987389999,-5.72611518179e-06,dynare
kappa_0p13,kappa,x,e_i,-0.30325945202500004,-0.30325945202500004,0.30325945202500004,0,0.8197010706854271,,-0.0477943383397,-0.0075324899589200005,-4.67987612705e-05,dynare
kappa_0p13,kappa,x,e_pi,-0.142475545551,-0.142475545551,0.142475545551,0,0.3851070641157352,,-0.0224544507475,-0.00353886946998,-2.19867146715e-05,dynare
kappa_0p13,kappa,x,e_x,0.393088231678,0.393088231678,0.393088231678,0,0.5751557198221453,1.0,-0.0168495233819,-0.0026555209277099997,-1.6498540405900002e-05,dynare
phi_pi_1p3,phi_pi,i,e_i,0.048296259402200004,0.048296259402200004,0.048296259402200004,0,0.14345668589852598,,0.009356132838540001,0.00181250520798,1.9862421493e-05,dynare
phi_pi_1p3,phi_pi,i,e_pi,0.016855621940899998,0.016855621940899998,0.016855621940899998,0,0.05006705886390235,,0.0032653344152699998,0.000632572852011,6.93207862596e-06,dynare
phi_pi_1p3,phi_pi,i,e_x,0.0147445734834,0.0147445734834,0.0147445734834,0,0.04379651080844757,,0.0028563741760900003,0.00055334753786,6.0638843854200005e-06,dynare
phi_pi_1p3,phi_pi,pi,e_i,-0.0994167378822,-0.0994167378822,0.0994167378822,0,0.29530228460649094,,-0.0192593840085,-0.00373100023484,-4.08863372798e-05,dynare
phi_pi_1p3,phi_pi,pi,e_pi,0.242303090362,0.242303090362,0.242303090362,0,0.3106680685224964,1.0,-0.006721615704380001,-0.00130213664988,-1.4269524229500001e-05,dynare
phi_pi_1p3,phi_pi,pi,e_x,0.0196486350014,-0.020136034583,0.020136034583,1,0.07945137901842211,1.0,-0.00587978046898,-0.00113905316499,-1.24823663768e-05,dynare
phi_pi_1p3,phi_pi,x,e_i,-0.33946197805,-0.33946197805,0.33946197805,0,1.008320125873445,,-0.06576184987370001,-0.0127396326494,-0.00013960784897899998,dynare
phi_pi_1p3,phi_pi,x,e_pi,-0.11847382874199999,-0.11847382874199999,0.11847382874199999,0,0.3519084717414963,,-0.022951195254499998,-0.00444619178094,-4.8723796656199994e-05,dynare
phi_pi_1p3,phi_pi,x,e_x,0.39636418757599995,0.39636418757599995,0.39636418757599995,0,0.6005627783698907,1.0,-0.0200767189813,-0.0038893374368200004,-4.2621482773399996e-05,dynare
phi_pi_1p4,phi_pi,i,e_i,0.0481734079294,0.0481734079294,0.0481734079294,0,0.14237981468644573,,0.00923774043883,0.00177143058968,1.88759882231e-05,dynare
phi_pi_1p4,phi_pi,i,e_pi,0.0181060343675,0.0181060343675,0.0181060343675,0,0.053513627720250444,,0.00347201605725,0.000665794356574,7.0945632907500005e-06,dynare
phi_pi_1p4,phi_pi,i,e_x,0.0149405131449,0.0149405131449,0.0149405131449,0,0.04415771240454772,,0.00286499519938,0.000549391939412,5.8542038500700005e-06,dynare
phi_pi_1p4,phi_pi,pi,e_i,-0.0965568830264,-0.0965568830264,0.0965568830264,0,0.28538049730986975,,-0.0185157633914,-0.00355058576067,-3.7834287944400004e-05,dynare
phi_pi_1p4,phi_pi,pi,e_pi,0.24070897726300003,0.24070897726300003,0.24070897726300003,0,0.31167856394095206,1.0,-0.00695917234665,-0.0013344920065,-1.4220063458999998e-05,dynare
phi_pi_1p4,phi_pi,pi,e_x,0.0200538234247,0.0200538234247,0.0200538234247,0,0.0786156278004342,1.0,-0.00574248362797,-0.00110117958246,-1.17339358094e-05,dynare
phi_pi_1p4,phi_pi,x,e_i,-0.33131437328,-0.33131437328,0.33131437328,0,0.9792223780337802,,-0.0635328974131,-0.012183078608199999,-0.000129820298729,dynare
phi_pi_1p4,phi_pi,x,e_pi,-0.124524912953,-0.124524912953,0.124524912953,0,0.3680419300227338,,-0.0238789173005,-0.00457902501533,-4.87931182661e-05,dynare
phi_pi_1p4,phi_pi,x,e_x,0.39724607492299996,0.39724607492299996,0.39724607492299996,0,0.5981884304216432,1.0,-0.0197041091701,-0.0037784631379699997,-4.02625008901e-05,dynare
phi_pi_1p5,phi_pi,i,e_i,0.0480528587096,0.0480528587096,0.0480528587096,0,0.1413334206120011,,0.009122734773050001,0.00173193212588,1.79534067925e-05,dynare
phi_pi_1p5,phi_pi,i,e_pi,0.0193507776382,0.0193507776382,0.0193507776382,0,0.05691464917068279,,0.0036737046824199997,0.000697445154195,7.22979635378e-06,dynare
phi_pi_1p5,phi_pi,i,e_x,0.015135987322300001,0.015135987322300001,0.015135987322300001,0,0.04451807696862904,,0.00287353555183,0.000545534717481,5.65507536701e-06,dynare
phi_pi_1p5,phi_pi,pi,e_i,-0.0938830323016,-0.0938830323016,0.0938830323016,0,0.2761294634476452,,-0.017823497423,-0.0033837537263,-3.50763787021e-05,dynare
phi_pi_1p5,phi_pi,pi,e_pi,0.239193514999,0.239193514999,0.239193514999,0,0.31258374107821046,1.0,-0.0071774821442,-0.00136262998078,-1.4125178456499999e-05,dynare
phi_pi_1p5,phi_pi,pi,e_x,0.0204281404925,0.0204281404925,0.0204281404925,0,0.0778332511441195,1.0,-0.00561415570846,-0.00106583572504,-1.10485752066e-05,dynare
phi_pi_1p5,phi_pi,x,e_i,-0.323682832042,-0.323682832042,0.323682832042,0,0.9520183205407838,,-0.0614505090145,-0.0116662506761,-0.00012093369076100001,dynare
phi_pi_1p5,phi_pi,x,e_pi,-0.130346345178,-0.130346345178,0.130346345178,0,0.38337562681904447,,-0.0247459811471,-0.00469797279009,-4.86997240481e-05,dynare
phi_pi_1p5,phi_pi,x,e_x,0.398044375012,0.398044375012,0.398044375012,0,0.5959613823123437,1.0,-0.0193560622691,-0.00367470795855,-3.80924435996e-05,dynare
phi_pi_1p6,phi_pi,i,e_i,0.047934510067900005,0.047934510067900005,0.047934510067900005,0,0.1403159095113786,,0.009010945567550001,0.00169391822106,1.70894521908e-05,dynare
phi_pi_1p6,phi_pi,i,e_pi,0.0205899935013,0.0205899935013,0.0205899935013,0,0.060271893065795806,,0.0038705999167200004,0.000727612843314,7.34067604011e-06,dynare
phi_pi_1p6,phi_pi,i,e_x,0.015330996966300001,0.015330996966300001,0.015330996966300001,0,0.0448775377069832,,0.0028819900102,0.000541769490735,5.46575607682e-06,dynare
phi_pi_1p6,phi_pi,pi,e_i,-0.0913769568503,-0.0913769568503,0.0913769568503,0,0.267482462857565,,-0.0171774528026,-0.00322909511277,-3.25774089111e-05,dynare
phi_pi_1p6,phi_pi,pi,e_pi,0.23774955298300002,0.23774955298300002,0.23774955298300002,0,0.31339466167613006,1.0,-0.00737847619751,-0.0013870392603000002,-1.39934388986e-05,dynare
phi_pi_1p6,phi_pi,pi,e_x,0.020774712283999998,0.020774712283999998,0.020774712283999998,0,0.07709891325141871,1.0,-0.00549390150085,-0.0010327684023,-1.0419302429e-05,dynare
phi_pi_1p6,phi_pi,x,e_i,-0.31651716971599997,-0.31651716971599997,0.31651716971599997,0,0.92652234228993,,-0.0595003262465,-0.011185139898199999,-0.000112843649216,dynare
phi_pi_1p6,phi_pi,x,e_pi,-0.135958132424,-0.135958132424,0.135958132424,0,0.3979823509108021,,-0.0255580234159,-0.0048045126045600005,-4.84713414349e-05,dynare
phi_pi_1p6,phi_pi,x,e_x,0.398767636056,0.398767636056,0.398767636056,0,0.5938668962108341,1.0,-0.0190301167131,-0.00357736723715,-3.6091025887899995e-05,dynare
phi_pi_1p7,phi_pi,i,e_i,0.047818267424600006,0.047818267424600006,0.047818267424600006,0,0.1393258088965212,,0.008902215113389999,0.0016573045865800001,1.6279423227e-05,dynare
phi_pi_1p7,phi_pi,i,e_pi,0.0218238160254,0.0218238160254,0.0218238160254,0,0.06358701359770687,,0.00406288883551,0.000756378521086,7.42977854786e-06,dynare
phi_pi_1p7,phi_pi,i,e_x,0.0155255433606,0.0155255433606,0.0155255433606,0,0.04523603643070059,,0.00289035413017,0.000538090474758,5.2855719123499995e-06,dynare
phi_pi_1p7,phi_pi,pi,e_i,-0.0890227662396,-0.0890227662396,0.0890227662396,0,0.2593813951142347,,-0.0165731603786,-0.0030853865425299995,-3.0307231242499998e-05,dynare
phi_pi_1p7,phi_pi,pi,e_pi,0.236370830916,0.236370830916,0.236370830916,0,0.31412093720654866,1.0,-0.00756383747344,-0.00140814194863,-1.38319406891e-05,dynare
phi_pi_1p7,phi_pi,pi,e_x,0.021096258987,0.021096258987,0.021096258987,0,0.0764079718927869,1.0,-0.005380941927379999,-0.00100175738541,-9.840093716e-06,dynare
phi_pi_1p7,phi_pi,x,e_i,-0.309773618795,-0.309773618795,0.309773618795,0,0.9025726430048792,,-0.057669830788200004,-0.0107362576454,-0.00010546044674,dynare
phi_pi_1p7,phi_pi,x,e_pi,-0.141377821284,-0.141377821284,0.141377821284,0,0.41192582607715944,,-0.0263199786425,-0.00489992892412,-4.8131174790700004e-05,dynare
phi_pi_1p7,phi_pi,x,e_x,0.39942329554,0.39942329554,0.39942329554,0,0.591892145838888,1.0,-0.01872413006,-0.00348582754211,-3.42406955933e-05,dynare
phi_pi_1p8,phi_pi,i,e_i,0.0477040426263,0.0477040426263,0.0477040426263,0,0.1383617558237938,,0.00879639704445,0.0016220134962099998,1.5519080012999998e-05,dynare
phi_pi_1p8,phi_pi,i,e_pi,0.0230523722274,0.0230523722274,0.0230523722274,0,0.06686155976906714,,0.00425074705968,0.0007838174044359999,7.49939815144e-06,dynare
phi_pi_1p8,phi_pi,i,e_x,0.0157196280732,0.0157196280732,0.0157196280732,0,0.04559352250596656,,0.0028986241482000003,0.0005344924137750001,5.11390969007e-06,dynare
phi_pi_1p8,phi_pi,pi,e_i,-0.0868065428199,-0.0868065428199,0.0868065428199,0,0.251775426574304,,-0.0160067108501,-0.00295156083764,-2.82399060857e-05,dynare
phi_pi_1p8,phi_pi,pi,e_pi,0.23505184159099998,0.23505184159099998,0.23505184159099998,0,0.31477095772607866,1.0,-0.00773503955509,-0.0014263042571499998,-1.36465756551e-05,dynare
phi_pi_1p8,phi_pi,pi,e_x,0.021395158726099997,0.021395158726099997,0.021395158726099997,0,0.0757563690870245,1.0,-0.00527459576561,-0.000972610203431,-9.305727482419999e-06,dynare
phi_pi_1p8,phi_pi,x,e_i,-0.30341382709,-0.30341382709,0.30341382709,0,0.8800275101680388,,-0.0559480569135,-0.0103165538051,-9.870659173590001e-05,dynare
phi_pi_1p8,phi_pi,x,e_pi,-0.146620875212,-0.146620875212,0.146620875212,0,0.4252621081542778,,-0.027036187341000002,-0.00498534349138,-4.7698705785100004e-05,dynare
phi_pi_1p8,phi_pi,x,e_x,0.40001785484999997,0.40001785484999997,0.40001785484999997,0,0.5900259158213663,1.0,-0.0184362288326,-0.0033995523206299997,-3.2526193275e-05,dynare
phi_pi_1p9,phi_pi,i,e_i,0.0475917533548,0.0475917533548,0.0475917533548,0,0.1374224862447033,,0.008693355262219999,0.00158797313374,1.48045901136e-05,dynare
phi_pi_1p9,phi_pi,i,e_pi,0.0242757826345,0.0242757826345,0.0242757826345,0,0.07009698466658176,,0.0044343397297600005,0.0008099993781850001,7.55158165557e-06,dynare
phi_pi_1p9,phi_pi,i,e_x,0.015913252914500003,0.015913252914500003,0.015913252914500003,0,0.045949951947467794,,0.0029067968967599997,0.000530970521516,4.9502102815299995e-06,dynare
phi_pi_1p9,phi_pi,pi,e_i,-0.0847160428341,-0.0847160428341,0.0847160428341,0,0.24461988496794884,,-0.0154746695562,-0.0028266829972499997,-2.6353017104799998e-05,dynare
phi_pi_1p9,phi_pi,pi,e_pi,0.233787718533,0.233787718533,0.233787718533,0,0.3153520787513511,1.0,-0.00789337832725,-0.00144184521857,-1.34422472362e-05,dynare
phi_pi_1p9,phi_pi,pi,e_x,0.0216734997031,0.0216734997031,0.0216734997031,0,0.07514054183758122,1.0,-0.00517426472146,-0.000945157895508,-8.81165741304e-06,dynare
phi_pi_1p9,phi_pi,x,e_i,-0.297404038659,-0.297404038659,0.297404038659,0,0.8587622756205875,,-0.054325356437399996,-0.00992334994964,-9.25148703317e-05,dynare
phi_pi_1p9,phi_pi,x,e_pi,-0.15170098364,-0.15170098364,0.15170098364,0,0.43804072907739205,,-0.0277104845157,-0.00506174009996,-4.7190337071300004e-05,dynare
phi_pi_1p9,phi_pi,x,e_x,0.400557021934,0.400557021934,0.400557021934,0,0.5882583561082635,1.0,-0.0181647675431,-0.00331807017763,-3.09341939761e-05,dynare
phi_pi_2p0,phi_pi,i,e_i,0.0474813226043,0.0474813226043,0.0474813226043,0,0.13650682562631689,,0.00859296298633,0.00155511701938,1.41324819953e-05,dynare
phi_pi_2p0,phi_pi,i,e_pi,0.0254941617864,0.0254941617864,0.0254941617864,0,0.07329465369923538,,0.00461382237441,0.000834989480373,7.588158093969999e-06,dynare
phi_pi_2p0,phi_pi,i,e_x,0.0161064199012,0.0161064199012,0.0161064199012,0,0.0463052866331511,,0.00291486973112,0.0005275204298390001,4.7939626947e-06,dynare
phi_pi_2p0,phi_pi,pi,e_i,-0.0827404504534,-0.0827404504534,0.0827404504534,0,0.23787535019639255,,-0.014974006392899999,-0.0027099304659899998,-2.46271136139e-05,dynare
phi_pi_2p0,phi_pi,pi,e_pi,0.23257414338,0.23257414338,0.23257414338,0,0.31587077489392335,1.0,-0.008039998058849999,-0.00145504383493,-1.32230440175e-05,dynare
phi_pi_2p0,phi_pi,pi,e_x,0.0219331230741,0.0219331230741,0.0219331230741,0,0.07455734875981392,1.0,-0.00507942115631,-0.000919251520265,-8.35390867531e-06,dynare
phi_pi_2p0,phi_pi,x,e_i,-0.29171441963399997,-0.29171441963399997,0.29171441963399997,0,0.8386668110640976,,-0.0527932052649,-0.00955428437728,-8.68267469634e-05,dynare
phi_pi_2p0,phi_pi,x,e_pi,-0.156630316968,-0.156630316968,0.156630316968,0,0.4503056400587357,,-0.028346272648300003,-0.00512998497741,-4.66199131165e-05,dynare
phi_pi_2p0,phi_pi,x,e_x,0.40104582863,0.40104582863,0.40104582863,0,0.5865807800410539,1.0,-0.0179082949944,-0.00324096523844,-2.9453013701799997e-05,dynare
phi_pi_2p1,phi_pi,i,e_i,0.0473726782171,0.0473726782171,0.0473726782171,0,0.135613680663676,,0.00849510191356,0.0015233835037,1.3499604648600002e-05,dynare
phi_pi_2p1,phi_pi,i,e_pi,0.0267076186867,0.0267076186867,0.0267076186867,0,0.07645585194215772,,0.004789341687049999,0.0008588483332930001,7.610764409930001e-06,dynare
phi_pi_2p1,phi_pi,i,e_x,0.0162991312254,0.0162991312254,0.0162991312254,0,0.04665949362129138,,0.00292284046571,0.0005241381439210001,4.64469892643e-06,dynare
phi_pi_2p1,phi_pi,pi,e_i,-0.0808701740988,-0.0808701740988,0.0808701740988,0,0.23150690183050981,,-0.0145020378115,-0.00260057682613,-2.30452534939e-05,dynare
phi_pi_2p1,phi_pi,pi,e_pi,0.23140726903699999,0.23140726903699999,0.23140726903699999,0,0.3163327669377728,1.0,-0.008175913007829999,-0.0014661449774799999,-1.29923801233e-05,dynare
phi_pi_2p1,phi_pi,pi,e_x,0.0221756584288,0.0221756584288,0.0221756584288,0,0.0740040093910321,1.0,-0.004989597933260001,-0.0008947592693939999,-7.928992511210001e-06,dynare
phi_pi_2p1,phi_pi,x,e_i,-0.286318499841,-0.286318499841,0.286318499841,0,0.8196434541346865,,-0.051344043179,-0.00920726663292,-8.159104988159999e-05,dynare
phi_pi_2p1,phi_pi,x,e_pi,-0.161419738222,-0.161419738222,0.161419738222,0,0.46209599406157664,,-0.028946582263599998,-0.00519084365997,-4.5999144032e-05,dynare
phi_pi_2p1,phi_pi,x,e_x,0.401488727748,0.401488727748,0.401488727748,0,0.5849854972563912,1.0,-0.0176655263944,-0.00316786917533,-2.80723674254e-05,dynare
phi_pi_2p2,phi_pi,i,e_i,0.0472657524699,0.0472657524699,0.0472657524699,0,0.13474203193371487,,0.00839966147056,0.00149271531993,1.29030924523e-05,dynare
phi_pi_2p2,phi_pi,i,e_pi,0.0279162572094,0.0279162572094,0.0279162572094,0,0.07958179070088534,,0.0049610362224500005,0.0008816325274470001,7.62086772924e-06,dynare
phi_pi_2p2,phi_pi,i,e_x,0.0164913892278,0.0164913892278,0.0164913892278,0,0.04701254455591138,,0.00293070731881,0.000520820003086,4.5019894691499994e-06,dynare
phi_pi_2p2,phi_pi,pi,e_i,-0.079096676785,-0.079096676785,0.079096676785,0,0.22548349264082784,,-0.0140563785346,-0.00249797824054,-2.1592626371000002e-05,dynare
phi_pi_2p2,phi_pi,pi,e_pi,0.23028365554,0.23028365554,0.23028365554,0,0.3167431275669019,1.0,-0.008302025422209999,-0.00147536428434,-1.2753109388999999e-05,dynare
phi_pi_2p2,phi_pi,pi,e_x,0.022402553322,0.022402553322,0.022402553322,0,0.07347805369881,1.0,-0.0049043799671800005,-0.000871564066889,-7.5338355432e-06,dynare
phi_pi_2p2,phi_pi,x,e_i,-0.281192707582,-0.281192707582,0.281192707582,0,0.8016052808765097,,-0.049971140376499995,-0.00888043965295,-7.67628846098e-05,dynare
phi_pi_2p2,phi_pi,x,e_pi,-0.16607897981199998,-0.16607897981199998,0.16607897981199998,0,0.47344679883469987,,-0.0295141224862,-0.00524499504462,-4.53379523e-05,dynare
phi_pi_2p2,phi_pi,x,e_x,0.401889673888,0.401889673888,0.401889673888,0,0.5834656746231608,1.0,-0.017435320142799998,-0.00309845457181,-2.67831684083e-05,dynare
rho_calibrated_0p80,rho_i,i,e_i,0.0454375573644,0.0454375573644,0.0454375573644,0,0.09762234327437881,,0.0037102158775699995,0.000302958668042,3.0856022416e-07,dynare
rho_calibrated_0p80,rho_i,i,e_pi,0.0647819292129,0.0647819292129,0.0647819292129,0,0.1391836203007334,,0.00528978572545,0.00043193886568600003,4.3992520191e-07,dynare
rho_calibrated_0p80,rho_i,i,e_x,0.0451034576779,0.0451034576779,0.0451034576779,0,0.09690453192685478,,0.0036829348784699996,0.000300731030777,3.06291398928e-07,dynare
rho_calibrated_0p80,rho_i,pi,e_i,-0.0275361223337,-0.0275361223337,0.0275361223337,0,0.05916120810254643,,-0.00224846942079,-0.000183599370854,-1.86994032514e-07,dynare
rho_calibrated_0p80,rho_i,pi,e_pi,0.237740778526,0.237740778526,0.237740778526,0,0.28282977948609334,1.0,-0.00320572221096,-0.000261764103005,-2.66603991945e-07,dynare
rho_calibrated_0p80,rho_i,pi,e_x,0.022666349154100002,0.022666349154100002,0.022666349154100002,0,0.05405889752760956,1.0,-0.0022319365574,-0.00018224937548,-1.8561907639300002e-07,dynare
rho_calibrated_0p80,rho_i,x,e_i,-0.129247998188,-0.129247998188,0.129247998188,0,0.2776886166102439,,-0.0105537797989,-0.0008617717071420001,-8.7770544025e-07,dynare
rho_calibrated_0p80,rho_i,x,e_pi,-0.184273432711,-0.184273432711,0.184273432711,0,0.3959104614761417,,-0.015046896345599999,-0.00122865833834,-1.251375624e-06,dynare
rho_calibrated_0p80,rho_i,x,e_x,0.371702354739,0.371702354739,0.371702354739,0,0.5190514980257326,1.0,-0.0104761784768,-0.000855435150472,-8.71251723778e-07,dynare
rstar_2,rstar,i,e_i,0.0477297761473,0.0477297761473,0.0477297761473,0,0.13857818541873548,,0.00882014834575,0.0016299053362600002,1.5687373427e-05,dynare
rstar_2,rstar,i,e_pi,0.0224241185236,0.0224241185236,0.0224241185236,0,0.06510597588022465,,0.00414382944706,0.000765752395942,7.370148143260001e-06,dynare
rstar_2,rstar,i,e_x,0.0156124600345,0.0156124600345,0.0156124600345,0,0.045329070365317685,,0.0028850798110000003,0.000533143751688,5.13135636586e-06,dynare
rstar_2,rstar,pi,e_i,-0.0881804121759,-0.0881804121759,0.0881804121759,0,0.25602218353388284,,-0.0162951595285,-0.0030112381821299997,-2.89823076162e-05,dynare
rstar_2,rstar,pi,e_pi,0.235571605113,0.235571605113,0.235571605113,0,0.31442602426069355,1.0,-0.00765569458154,-0.00141472194821,-1.36162947647e-05,dynare
rstar_2,rstar,pi,e_x,0.021156094328300002,0.021156094328300002,0.021156094328300002,0,0.07605731446715946,1.0,-0.00533016383965,-0.0009849791800350001,-9.48014333796e-06,dynare
rstar_2,rstar,x,e_i,-0.30650500858400004,-0.30650500858400004,0.30650500858400004,0,0.889903773698407,,-0.0566401073426,-0.0104667188788,-0.00010073918034,dynare
rstar_2,rstar,x,e_pi,-0.14400035356,-0.14400035356,0.14400035356,0,0.41808927899487797,,-0.026610317138699997,-0.00491741138628,-4.73286803808e-05,dynare
rstar_2,rstar,x,e_x,0.39974188896000007,0.39974188896000007,0.39974188896000007,0,0.5905722393143209,1.0,-0.0185270387505,-0.0034236747661,-3.29518919619e-05,dynare
rstar_3,rstar,i,e_i,0.0477609080701,0.0477609080701,0.0477609080701,0,0.1388406076227608,,0.008848950765880001,0.0016394983433300001,1.58932894e-05,dynare
rstar_3,rstar,i,e_pi,0.0224387447377,0.0224387447377,0.0224387447377,0,0.06522926551361174,,0.00415736122816,0.000770259325262,7.466890356539999e-06,dynare
rstar_3,rstar,i,e_x,0.015622643319199998,0.015622643319199998,0.015622643319199998,0,0.0454149089445068,,0.00289450111295,0.0005362816344009999,5.19871169741e-06,dynare
rstar_3,rstar,pi,e_i,-0.08789820998560001,-0.08789820998560001,0.08789820998560001,0,0.25551944836237894,,-0.016285430156199997,-0.0030172996175400002,-2.9249688615499997e-05,dynare
rstar_3,rstar,pi,e_pi,0.235704187662,0.235704187662,0.235704187662,0,0.3144549973208095,1.0,-0.0076511235859,-0.00141756969562,-1.3741914109699999e-05,dynare
rstar_3,rstar,pi,e_x,0.0212484029619,0.0212484029619,0.0212484029619,0,0.07607748653049307,1.0,-0.00532698135171,-0.000986961881941,-9.56760394437e-06,dynare
rstar_3,rstar,x,e_i,-0.30654796198199996,-0.30654796198199996,0.30654796198199996,0,0.891132665330735,,-0.056795985096899995,-0.0105229338413,-0.00010200927226099999,dynare
rstar_3,rstar,x,e_pi,-0.14402053367,-0.14402053367,0.14402053367,0,0.4186666295271285,,-0.0266835506948,-0.00494382196441,-4.7925387385699995e-05,dynare
rstar_3,rstar,x,e_x,0.39972783885799995,0.39972783885799995,0.39972783885799995,0,0.5909461108575337,1.0,-0.0185780265281,-0.00344206273953,-3.33673403665e-05,dynare
rstar_4,rstar,i,e_i,0.047791577405499996,0.047791577405499996,0.047791577405499996,0,0.139099764139525,,0.008877398739189999,0.0016489978496799999,1.60986546956e-05,dynare
rstar_4,rstar,i,e_pi,0.0224531536219,0.0224531536219,0.0224531536219,0,0.06535102088148205,,0.00417072648517,0.0007747223266310001,7.563373853949999e-06,dynare
rstar_4,rstar,i,e_x,0.0156326752911,0.0156326752911,0.0156326752911,0,0.04549967931408509,,0.00290380647498,0.00053938893293,5.26588690188e-06,dynare
rstar_4,rstar,pi,e_i,-0.0876203086681,-0.0876203086681,0.0876203086681,0,0.25502326835001643,,-0.016275679940400002,-0.00302324611209,-2.9515014363499998e-05,dynare
rstar_4,rstar,pi,e_pi,0.2358347496,0.2358347496,0.2358347496,0,0.3144830088653727,1.0,-0.0076465427977,-0.00142036344219,-1.38665678689e-05,dynare
rstar_4,rstar,pi,e_x,0.0213393047755,0.0213393047755,0.0213393047755,0,0.07609698915312539,1.0,-0.00532379204584,-0.000988906986569,-9.6543922759e-06,dynare
rstar_4,rstar,x,e_i,-0.30658990037100003,-0.30658990037100003,0.30658990037100003,0,0.8923451608917802,,-0.0569498004201,-0.0105785603634,-0.000103275204695,dynare
rstar_4,rstar,x,e_pi,-0.144040236913,-0.144040236913,0.144040236913,0,0.4192362769532588,,-0.026755815291799996,-0.00496995608498,-4.85201402053e-05,dynare
rstar_4,rstar,x,e_x,0.399714120767,0.399714120767,0.399714120767,0,0.5913152832498918,1.0,-0.018628339682300002,-0.00346025823348,-3.37814281987e-05,dynare
